# generated by tools/gen_prices_all.py. aws and gcp rows from ~/.sky/catalogs/v8 on 2026-09-28; runpod rows from RunPod's own catalog API on 2026-09-28; shadeform rows from the SkyPilot catalog on GitHub on 2026-09-28. Do not hand-edit.
vendor,basis,card,gpus,region,instance,usd_per_hour,spot_low,spot_high,zones,flags
aws,machine,A100,8,ap-northeast-1,p4d.24xlarge,30.0978,9.6358,30.0978,2,
aws,machine,A100,8,ap-northeast-2,p4d.24xlarge,30.4103,8.3474,8.4999,2,
aws,machine,A100,8,ap-south-1,p4d.24xlarge,26.3444,26.3444,26.3444,3,
aws,machine,A100,8,ap-southeast-2,p4d.24xlarge,28.5449,9.6366,28.5449,2,
aws,machine,A100,8,ca-central-1,p4d.24xlarge,25.2517,9.6440,13.3159,2,
aws,machine,A100,8,eu-central-1,p4d.24xlarge,27.4330,10.2152,27.4330,3,
aws,machine,A100,8,eu-north-1,p4d.24xlarge,23.7157,4.8078,4.8078,1,
aws,machine,A100,8,eu-west-1,p4d.24xlarge,23.7157,16.4777,16.4777,1,
aws,machine,A100,8,eu-west-2,p4d.24xlarge,28.5449,24.9039,28.5449,2,
aws,machine,A100,8,us-east-1,p4d.24xlarge,21.9576,16.6251,18.2280,4,
aws,machine,A100,8,us-east-2,p4d.24xlarge,21.9576,6.2767,19.1388,3,
aws,machine,A100,8,us-west-2,p4d.24xlarge,21.9576,12.6465,17.3662,4,
aws,machine,A100-80GB,8,ap-northeast-1,p4de.24xlarge,37.6223,26.1751,30.8374,2,
aws,machine,A100-80GB,8,ap-southeast-1,p4de.24xlarge,32.9365,32.9365,32.9365,2,
aws,machine,A100-80GB,8,eu-central-1,p4de.24xlarge,34.2912,34.2912,34.2912,2,
aws,machine,A100-80GB,8,us-east-1,p4de.24xlarge,27.4471,21.4753,21.6414,2,
aws,machine,A100-80GB,8,us-west-2,p4de.24xlarge,27.4471,20.9174,21.7936,3,
aws,machine,A10G,1,ap-east-1,g5.xlarge,1.5488,0.4152,0.4585,2,
aws,machine,A10G,1,ap-northeast-1,g5.xlarge,1.4590,0.7307,0.8253,2,
aws,machine,A10G,1,ap-northeast-2,g5.xlarge,1.2370,0.5681,0.5935,3,
aws,machine,A10G,1,ap-south-1,g5.xlarge,1.2080,0.5607,0.5862,2,
aws,machine,A10G,1,ap-southeast-2,g5.xlarge,1.3080,0.6649,0.6933,2,
aws,machine,A10G,1,ap-southeast-3,g5.xlarge,1.4080,0.1408,0.9316,2,
aws,machine,A10G,1,ca-central-1,g5.xlarge,1.1170,0.4104,0.5608,2,
aws,machine,A10G,1,eu-central-1,g5.xlarge,1.2580,0.6228,0.8042,3,
aws,machine,A10G,1,eu-north-1,g5.xlarge,1.0670,0.1894,0.2211,2,
aws,machine,A10G,1,eu-south-2,g5.xlarge,1.0600,0.2019,0.3041,3,
aws,machine,A10G,1,eu-west-1,g5.xlarge,1.1230,0.6217,0.6667,3,
aws,machine,A10G,1,eu-west-2,g5.xlarge,1.2770,0.4080,0.5815,2,
aws,machine,A10G,1,eu-west-3,g5.xlarge,1.2770,0.3378,0.4223,3,
aws,machine,A10G,1,me-central-1,g5.xlarge,1.2340,0.5052,0.5052,2,
aws,machine,A10G,1,us-east-1,g5.xlarge,1.0060,0.3907,0.6501,5,
aws,machine,A10G,1,us-east-2,g5.xlarge,1.0060,0.5129,0.5269,3,
aws,machine,A10G,1,us-west-2,g5.xlarge,1.0060,0.4821,0.5060,3,
aws,machine,A10G,4,ap-east-1,g5.12xlarge,8.7324,1.6160,8.7324,2,
aws,machine,A10G,4,ap-northeast-1,g5.12xlarge,8.2261,5.0153,5.3718,2,
aws,machine,A10G,4,ap-northeast-2,g5.12xlarge,6.9744,3.4999,3.5771,3,
aws,machine,A10G,4,ap-south-1,g5.12xlarge,6.8109,2.1816,2.1992,2,
aws,machine,A10G,4,ap-southeast-2,g5.12xlarge,7.3747,5.6446,7.3747,2,
aws,machine,A10G,4,ap-southeast-3,g5.12xlarge,7.9385,1.9485,5.5288,2,
aws,machine,A10G,4,ca-central-1,g5.12xlarge,6.2978,5.5322,6.2978,2,
aws,machine,A10G,4,eu-central-1,g5.12xlarge,7.0928,2.0536,3.1999,3,
aws,machine,A10G,4,eu-north-1,g5.12xlarge,6.0159,1.3710,1.7003,2,
aws,machine,A10G,4,eu-south-2,g5.12xlarge,5.9765,5.8301,5.8301,3,
aws,machine,A10G,4,eu-west-1,g5.12xlarge,6.3317,2.5664,3.2723,3,
aws,machine,A10G,4,eu-west-2,g5.12xlarge,7.1999,3.0240,7.1999,2,
aws,machine,A10G,4,eu-west-3,g5.12xlarge,7.1999,1.8728,7.1999,3,
aws,machine,A10G,4,me-central-1,g5.12xlarge,6.9575,2.8482,2.8482,2,
aws,machine,A10G,4,us-east-1,g5.12xlarge,5.6720,3.5819,5.5967,5,
aws,machine,A10G,4,us-east-2,g5.12xlarge,5.6720,3.0420,3.1391,3,
aws,machine,A10G,4,us-west-2,g5.12xlarge,5.6720,3.4030,5.0548,3,
aws,machine,A10G,8,ap-east-1,g5.48xlarge,25.0764,25.0764,25.0764,2,
aws,machine,A10G,8,ap-northeast-1,g5.48xlarge,23.6225,21.2602,21.2602,2,
aws,machine,A10G,8,ap-northeast-2,g5.48xlarge,20.0281,9.4890,10.2089,3,
aws,machine,A10G,8,ap-south-1,g5.48xlarge,19.5586,11.8852,19.5586,2,
aws,machine,A10G,8,ap-southeast-2,g5.48xlarge,21.1776,21.1776,21.1776,2,
aws,machine,A10G,8,ap-southeast-3,g5.48xlarge,22.7967,15.8767,15.9052,2,
aws,machine,A10G,8,ca-central-1,g5.48xlarge,18.0852,18.0852,18.0852,2,
aws,machine,A10G,8,eu-central-1,g5.48xlarge,20.3681,20.3681,20.3681,3,
aws,machine,A10G,8,eu-north-1,g5.48xlarge,17.2756,3.7923,4.0967,2,
aws,machine,A10G,8,eu-south-2,g5.48xlarge,17.1623,16.7350,16.7612,3,
aws,machine,A10G,8,eu-west-1,g5.48xlarge,18.1823,5.2510,10.6640,3,
aws,machine,A10G,8,eu-west-2,g5.48xlarge,20.6757,20.6757,20.6757,2,
aws,machine,A10G,8,eu-west-3,g5.48xlarge,20.6757,20.6757,20.6757,3,
aws,machine,A10G,8,me-central-1,g5.48xlarge,19.9795,8.1791,8.1791,2,
aws,machine,A10G,8,us-east-1,g5.48xlarge,16.2880,3.8516,16.0718,5,
aws,machine,A10G,8,us-east-2,g5.48xlarge,16.2880,8.2366,14.6592,3,
aws,machine,A10G,8,us-west-2,g5.48xlarge,16.2880,5.1087,12.2472,3,
aws,machine,B200,8,ap-south-1,p6-b200.48xlarge,160.6453,49.1004,49.1004,1,
aws,machine,B200,8,eu-north-1,p6-b200.48xlarge,143.2420,18.4212,18.4212,1,
aws,machine,B200,8,eu-west-3,p6-b200.48xlarge,174.3172,39.4272,39.4272,1,
aws,machine,B200,8,us-east-1,p6-b200.48xlarge,113.9328,41.8147,42.3614,2,
aws,machine,B200,8,us-east-2,p6-b200.48xlarge,113.9328,41.9826,42.3738,3,
aws,machine,B200,8,us-west-2,p6-b200.48xlarge,113.9328,40.5318,42.4741,3,
aws,machine,B300,8,ap-northeast-2,p6-b300.48xlarge,209.1735,48.0473,48.0473,1,
aws,machine,B300,8,ap-southeast-3,p6-b300.48xlarge,230.9300,23.0930,23.0930,2,
aws,machine,B300,8,us-east-1,p6-b300.48xlarge,142.4160,44.7006,45.0629,3,
aws,machine,B300,8,us-west-2,p6-b300.48xlarge,142.4160,52.8383,52.9228,2,
aws,machine,H100,1,ap-northeast-1,p5.4xlarge,8.6000,2.9498,2.9498,1,
aws,machine,H100,1,ap-south-1,p5.4xlarge,8.2560,2.4776,2.4776,3,
aws,machine,H100,1,ap-southeast-2,p5.4xlarge,8.9440,2.5334,2.5334,1,
aws,machine,H100,1,ap-southeast-3,p5.4xlarge,9.4944,6.6123,6.6123,1,
aws,machine,H100,1,eu-north-1,p5.4xlarge,7.3616,1.2167,1.2167,3,
aws,machine,H100,1,eu-west-2,p5.4xlarge,8.9440,8.9440,8.9440,3,
aws,machine,H100,1,us-east-1,p5.4xlarge,6.8800,2.5965,2.6295,6,
aws,machine,H100,1,us-east-2,p5.4xlarge,6.8800,2.4511,2.6295,3,
aws,machine,H100,1,us-west-2,p5.4xlarge,6.8800,2.6295,2.6295,4,
aws,machine,H100,8,ap-northeast-1,p5.48xlarge,68.8000,22.7826,22.8291,2,
aws,machine,H100,8,ap-northeast-2,p5.48xlarge,75.9552,21.2876,21.2876,1,
aws,machine,H100,8,ap-south-1,p5.48xlarge,66.0480,18.9865,19.8210,3,
aws,machine,H100,8,ap-southeast-2,p5.48xlarge,71.5520,27.7817,71.5520,3,
aws,machine,H100,8,ap-southeast-3,p5.48xlarge,75.9552,52.9938,52.9938,1,
aws,machine,H100,8,ca-central-1,p5.48xlarge,63.2960,18.5331,18.5331,1,
aws,machine,H100,8,eu-north-1,p5.48xlarge,58.8928,12.1754,12.1754,3,
aws,machine,H100,8,eu-west-2,p5.48xlarge,71.5520,18.5650,71.5520,3,
aws,machine,H100,8,us-east-1,p5.48xlarge,55.0400,20.2516,21.0363,7,
aws,machine,H100,8,us-east-2,p5.48xlarge,55.0400,20.4185,20.5959,3,
aws,machine,H100,8,us-west-1,p5.48xlarge,68.8000,21.2334,21.2334,2,
aws,machine,H100,8,us-west-2,p5.48xlarge,55.0400,20.8042,21.0363,4,
aws,machine,H200,8,ap-northeast-1,p5en.48xlarge,79.1200,30.6255,30.6255,1,
aws,machine,H200,8,ap-northeast-2,p5en.48xlarge,87.3485,12.1162,12.1162,1,
aws,machine,H200,8,ap-south-1,p5en.48xlarge,75.9552,24.7675,24.8583,2,
aws,machine,H200,8,ap-southeast-2,p5e.48xlarge,,82.2848,82.2848,1,
aws,machine,H200,8,ap-southeast-3,p5en.48xlarge,87.3485,60.8334,60.9428,2,
aws,machine,H200,8,eu-north-1,p5en.48xlarge,67.7267,44.6708,58.8123,2,
aws,machine,H200,8,eu-south-2,p5en.48xlarge,68.3597,17.0575,21.1821,2,
aws,machine,H200,8,eu-west-2,p5e.48xlarge,,,,1,
aws,machine,H200,8,me-central-1,p5en.48xlarge,75.9552,,,2,
aws,machine,H200,8,us-east-1,p5en.48xlarge,63.2960,27.0884,27.3692,3,
aws,machine,H200,8,us-east-2,p5en.48xlarge,63.2960,27.1554,27.3692,3,
aws,machine,H200,8,us-west-1,p5en.48xlarge,79.1200,79.1200,79.1200,1,
aws,machine,H200,8,us-west-2,p5en.48xlarge,63.2960,27.0071,27.2835,3,
aws,machine,L4,1,ap-northeast-1,g6.xlarge,1.1672,0.5674,0.5739,2,
aws,machine,L4,1,ap-northeast-2,g6.xlarge,0.9896,0.4541,0.4730,3,
aws,machine,L4,1,ap-south-1,g6.xlarge,0.9664,0.5215,0.7669,2,
aws,machine,L4,1,ap-southeast-2,g6.xlarge,1.0464,0.5457,0.6091,3,
aws,machine,L4,1,ca-central-1,g6.xlarge,0.8936,0.3421,0.8936,3,
aws,machine,L4,1,eu-central-1,g6.xlarge,1.0064,0.4620,0.4807,3,
aws,machine,L4,1,eu-north-1,g6.xlarge,0.8536,0.1234,0.1384,2,
aws,machine,L4,1,eu-south-2,g6.xlarge,0.8480,0.0854,0.2851,3,
aws,machine,L4,1,eu-west-2,g6.xlarge,1.0216,0.3217,0.3666,3,
aws,machine,L4,1,eu-west-3,g6.xlarge,1.0216,0.3547,0.3684,2,
aws,machine,L4,1,me-central-1,g6.xlarge,0.9882,0.4046,0.4046,2,
aws,machine,L4,1,us-east-1,g6.xlarge,0.8048,0.5707,0.6763,5,
aws,machine,L4,1,us-east-2,g6.xlarge,0.8048,0.3860,0.4059,3,
aws,machine,L4,1,us-west-2,g6.xlarge,0.8048,0.4418,0.6627,4,
aws,machine,L4,4,ap-northeast-1,g6.12xlarge,6.6737,3.0642,3.0947,2,
aws,machine,L4,4,ap-northeast-2,g6.12xlarge,5.6582,2.6110,3.2387,3,
aws,machine,L4,4,ap-south-1,g6.12xlarge,5.5256,1.3394,3.0118,2,
aws,machine,L4,4,ap-southeast-2,g6.12xlarge,5.9830,0.5983,5.9830,3,
aws,machine,L4,4,ca-central-1,g6.12xlarge,5.1093,5.1093,5.1093,3,
aws,machine,L4,4,eu-central-1,g6.12xlarge,5.7543,2.4766,3.1597,3,
aws,machine,L4,4,eu-north-1,g6.12xlarge,4.8806,1.3235,1.3573,2,
aws,machine,L4,4,eu-south-2,g6.12xlarge,4.8486,1.1960,1.4052,3,
aws,machine,L4,4,eu-west-2,g6.12xlarge,5.8412,2.3507,5.8412,3,
aws,machine,L4,4,eu-west-3,g6.12xlarge,5.8412,1.8398,1.9937,2,
aws,machine,L4,4,me-central-1,g6.12xlarge,5.6505,2.3132,2.3132,2,
aws,machine,L4,4,us-east-1,g6.12xlarge,4.6016,1.4611,4.0624,5,
aws,machine,L4,4,us-east-2,g6.12xlarge,4.6016,2.5152,2.6968,3,
aws,machine,L4,4,us-west-2,g6.12xlarge,4.6016,3.2705,3.8559,4,
aws,machine,L4,8,ap-northeast-1,g6.48xlarge,19.3621,8.7423,8.7509,2,
aws,machine,L4,8,ap-northeast-2,g6.48xlarge,16.4159,7.7210,8.2993,3,
aws,machine,L4,8,ap-south-1,g6.48xlarge,16.0311,16.0311,16.0311,2,
aws,machine,L4,8,ap-southeast-2,g6.48xlarge,17.3582,4.9780,17.3582,3,
aws,machine,L4,8,ca-central-1,g6.48xlarge,14.8235,14.8235,14.8235,3,
aws,machine,L4,8,eu-central-1,g6.48xlarge,16.6946,5.6901,6.3778,3,
aws,machine,L4,8,eu-north-1,g6.48xlarge,14.1599,1.7869,1.9036,2,
aws,machine,L4,8,eu-south-2,g6.48xlarge,14.0670,3.6569,3.9696,3,
aws,machine,L4,8,eu-west-2,g6.48xlarge,16.9468,1.7181,16.9468,3,
aws,machine,L4,8,eu-west-3,g6.48xlarge,16.9468,5.1203,5.1795,2,
aws,machine,L4,8,me-central-1,g6.48xlarge,16.3934,6.7111,6.7111,2,
aws,machine,L4,8,us-east-1,g6.48xlarge,13.3504,4.8770,11.5510,5,
aws,machine,L4,8,us-east-2,g6.48xlarge,13.3504,6.6365,7.1743,3,
aws,machine,L4,8,us-west-2,g6.48xlarge,13.3504,6.9693,7.7599,4,
aws,machine,L40S,1,ap-northeast-1,g6e.xlarge,2.6990,1.3525,1.3589,2,
aws,machine,L40S,1,ap-northeast-2,g6e.xlarge,2.2880,1.2531,1.2539,2,
aws,machine,L40S,1,ap-northeast-3,g6e.xlarge,2.6990,1.5166,1.5937,2,
aws,machine,L40S,1,ap-south-1,g6e.xlarge,2.2350,1.4694,2.2350,2,
aws,machine,L40S,1,eu-central-1,g6e.xlarge,2.3270,1.7495,2.3270,3,
aws,machine,L40S,1,eu-north-1,g6e.xlarge,1.9740,0.6919,1.4931,2,
aws,machine,L40S,1,eu-south-2,g6e.xlarge,1.9610,1.0223,1.9130,2,
aws,machine,L40S,1,me-central-1,g6e.xlarge,2.2830,0.9346,0.9346,2,
aws,machine,L40S,1,us-east-1,g6e.xlarge,1.8610,1.8363,1.8363,4,
aws,machine,L40S,1,us-east-2,g6e.xlarge,1.8610,1.4651,1.5344,3,
aws,machine,L40S,1,us-west-2,g6e.xlarge,1.8610,1.6663,1.8610,4,
aws,machine,L40S,4,ap-northeast-1,g6e.12xlarge,15.2174,7.1034,7.1500,2,
aws,machine,L40S,4,ap-northeast-2,g6e.12xlarge,12.9001,6.1195,6.2456,2,
aws,machine,L40S,4,ap-northeast-3,g6e.12xlarge,15.2174,5.1489,7.3790,2,
aws,machine,L40S,4,ap-south-1,g6e.12xlarge,12.6013,4.4639,6.0546,2,
aws,machine,L40S,4,eu-central-1,g6e.12xlarge,13.1200,13.1200,13.1200,3,
aws,machine,L40S,4,eu-north-1,g6e.12xlarge,11.1297,2.8128,9.6648,2,
aws,machine,L40S,4,eu-south-2,g6e.12xlarge,11.0564,3.0013,10.7856,2,
aws,machine,L40S,4,me-central-1,g6e.12xlarge,12.8719,5.2695,5.2695,2,
aws,machine,L40S,4,us-east-1,g6e.12xlarge,10.4926,5.9775,9.2284,4,
aws,machine,L40S,4,us-east-2,g6e.12xlarge,10.4926,5.1129,5.2406,3,
aws,machine,L40S,4,us-west-2,g6e.12xlarge,10.4926,6.1033,9.9432,4,
aws,machine,L40S,8,ap-northeast-1,g6e.48xlarge,43.6991,21.2135,21.4306,2,
aws,machine,L40S,8,ap-northeast-2,g6e.48xlarge,37.0447,17.2815,18.2034,2,
aws,machine,L40S,8,ap-northeast-3,g6e.48xlarge,43.6991,11.6903,25.1312,2,
aws,machine,L40S,8,ap-south-1,g6e.48xlarge,36.1866,36.1866,36.1866,2,
aws,machine,L40S,8,eu-central-1,g6e.48xlarge,37.6761,37.6761,37.6761,3,
aws,machine,L40S,8,eu-north-1,g6e.48xlarge,31.9608,8.6491,27.7540,2,
aws,machine,L40S,8,eu-south-2,g6e.48xlarge,31.7503,12.4445,30.9597,2,
aws,machine,L40S,8,me-central-1,g6e.48xlarge,36.9637,15.1321,15.1321,2,
aws,machine,L40S,8,us-east-1,g6e.48xlarge,30.1312,6.5703,29.7266,4,
aws,machine,L40S,8,us-east-2,g6e.48xlarge,30.1312,18.4416,24.4069,3,
aws,machine,L40S,8,us-west-2,g6e.48xlarge,30.1312,8.8742,30.1312,4,
aws,machine,RTX PRO 4500,1,eu-south-2,g7.2xlarge,2.6460,0.2646,0.6945,2,
aws,machine,RTX PRO 4500,1,us-east-1,g7.2xlarge,2.5200,0.5862,0.6389,4,
aws,machine,RTX PRO 4500,1,us-east-2,g7.2xlarge,2.5200,1.1643,1.1659,3,
aws,machine,RTX PRO 4500,1,us-west-2,g7.2xlarge,2.5200,0.7877,0.9659,4,
aws,machine,RTX PRO 4500,2,eu-south-2,g7.12xlarge,7.4847,0.7485,1.9662,2,
aws,machine,RTX PRO 4500,2,us-east-1,g7.12xlarge,7.1283,1.1060,1.3218,4,
aws,machine,RTX PRO 4500,2,us-east-2,g7.12xlarge,7.1283,3.2086,3.2137,3,
aws,machine,RTX PRO 4500,2,us-west-2,g7.12xlarge,7.1283,2.1510,2.2599,4,
aws,machine,RTX PRO 4500,4,eu-south-2,g7.24xlarge,14.9695,1.9465,3.9667,2,
aws,machine,RTX PRO 4500,4,us-east-1,g7.24xlarge,14.2566,1.9021,2.4526,4,
aws,machine,RTX PRO 4500,4,us-east-2,g7.24xlarge,14.2566,6.4177,6.4849,3,
aws,machine,RTX PRO 4500,4,us-west-2,g7.24xlarge,14.2566,4.3654,4.7327,4,
aws,machine,RTX PRO 4500,8,eu-south-2,g7.48xlarge,29.9389,4.2140,8.0294,2,
aws,machine,RTX PRO 4500,8,us-east-1,g7.48xlarge,28.5133,6.0794,6.8592,4,
aws,machine,RTX PRO 4500,8,us-east-2,g7.48xlarge,28.5133,12.8698,12.9619,3,
aws,machine,RTX PRO 4500,8,us-west-2,g7.48xlarge,28.5133,6.0949,9.1767,4,
aws,machine,RTXPRO6000,1,ap-northeast-1,g7e.2xlarge,4.8775,2.6542,3.0314,2,
aws,machine,RTXPRO6000,1,ap-northeast-2,g7e.2xlarge,4.1348,2.2416,3.7213,2,
aws,machine,RTXPRO6000,1,ap-south-1,g7e.2xlarge,5.4930,2.1761,2.6809,2,
aws,machine,RTXPRO6000,1,ap-southeast-3,g7e.2xlarge,6.4024,1.2244,1.2244,1,
aws,machine,RTXPRO6000,1,eu-central-1,g7e.2xlarge,5.7191,2.1959,3.1388,2,
aws,machine,RTXPRO6000,1,eu-north-1,g7e.2xlarge,4.8516,1.4579,1.7295,2,
aws,machine,RTXPRO6000,1,eu-south-2,g7e.2xlarge,3.5438,0.9969,1.4831,2,
aws,machine,RTXPRO6000,1,eu-west-2,g7e.2xlarge,5.8453,2.0910,2.2063,2,
aws,machine,RTXPRO6000,1,us-east-1,g7e.2xlarge,3.3631,1.8361,1.8775,2,
aws,machine,RTXPRO6000,1,us-east-2,g7e.2xlarge,3.3631,1.7166,2.2674,3,
aws,machine,RTXPRO6000,1,us-west-2,g7e.2xlarge,3.3631,1.7669,3.3631,4,
aws,machine,RTXPRO6000,2,ap-northeast-1,g7e.12xlarge,12.0173,7.2433,7.4104,2,
aws,machine,RTXPRO6000,2,ap-northeast-2,g7e.12xlarge,10.1873,6.0217,9.1686,2,
aws,machine,RTXPRO6000,2,ap-south-1,g7e.12xlarge,13.5338,13.5338,13.5338,2,
aws,machine,RTXPRO6000,2,ap-southeast-3,g7e.12xlarge,15.7743,2.0170,2.0170,1,
aws,machine,RTXPRO6000,2,eu-central-1,g7e.12xlarge,14.0909,4.8009,5.3640,2,
aws,machine,RTXPRO6000,2,eu-north-1,g7e.12xlarge,11.9533,2.7359,5.3358,2,
aws,machine,RTXPRO6000,2,eu-south-2,g7e.12xlarge,8.7313,4.2213,4.7938,2,
aws,machine,RTXPRO6000,2,eu-west-2,g7e.12xlarge,14.4017,2.3852,5.4915,2,
aws,machine,RTXPRO6000,2,us-east-1,g7e.12xlarge,8.2861,5.3355,6.3746,2,
aws,machine,RTXPRO6000,2,us-east-2,g7e.12xlarge,8.2861,3.8400,6.7061,3,
aws,machine,RTXPRO6000,2,us-west-2,g7e.12xlarge,8.2861,4.9637,8.2861,4,
aws,machine,RTXPRO6000,4,ap-northeast-1,g7e.24xlarge,24.0345,12.2330,21.6311,2,
aws,machine,RTXPRO6000,4,ap-northeast-2,g7e.24xlarge,20.3746,18.3371,18.3371,2,
aws,machine,RTXPRO6000,4,ap-south-1,g7e.24xlarge,27.0675,27.0675,27.0675,2,
aws,machine,RTXPRO6000,4,ap-southeast-3,g7e.24xlarge,31.5485,3.8978,3.8978,1,
aws,machine,RTXPRO6000,4,eu-central-1,g7e.24xlarge,28.1818,12.6700,28.1818,2,
aws,machine,RTXPRO6000,4,eu-north-1,g7e.24xlarge,23.9067,2.9291,20.4395,2,
aws,machine,RTXPRO6000,4,eu-south-2,g7e.24xlarge,17.4627,6.3785,17.0350,2,
aws,machine,RTXPRO6000,4,eu-west-2,g7e.24xlarge,28.8034,4.1935,11.2450,2,
aws,machine,RTXPRO6000,4,us-east-1,g7e.24xlarge,16.5722,8.9585,9.7888,2,
aws,machine,RTXPRO6000,4,us-east-2,g7e.24xlarge,16.5722,8.4202,8.4496,3,
aws,machine,RTXPRO6000,4,us-west-2,g7e.24xlarge,16.5722,7.7188,16.5722,4,
aws,machine,RTXPRO6000,8,ap-northeast-1,g7e.48xlarge,48.0691,24.1278,43.2622,2,
aws,machine,RTXPRO6000,8,ap-northeast-2,g7e.48xlarge,40.7492,36.6743,36.6743,2,
aws,machine,RTXPRO6000,8,ap-south-1,g7e.48xlarge,54.1351,19.7952,54.1351,2,
aws,machine,RTXPRO6000,8,ap-southeast-3,g7e.48xlarge,63.0970,6.3097,6.3097,1,
aws,machine,RTXPRO6000,8,eu-central-1,g7e.48xlarge,56.3635,24.3493,26.4070,2,
aws,machine,RTXPRO6000,8,eu-north-1,g7e.48xlarge,47.8133,16.3482,41.5200,2,
aws,machine,RTXPRO6000,8,eu-south-2,g7e.48xlarge,34.9254,13.6041,14.3318,2,
aws,machine,RTXPRO6000,8,eu-west-2,g7e.48xlarge,57.6069,9.8507,20.4423,2,
aws,machine,RTXPRO6000,8,us-east-1,g7e.48xlarge,33.1443,14.4065,26.8228,2,
aws,machine,RTXPRO6000,8,us-east-2,g7e.48xlarge,33.1443,15.7784,16.9338,3,
aws,machine,RTXPRO6000,8,us-west-2,g7e.48xlarge,33.1443,21.1666,33.1443,4,
aws,machine,T4,1,af-south-1,g4dn.xlarge,0.6980,0.2768,0.3807,2,
aws,machine,T4,1,ap-east-1,g4dn.xlarge,0.8100,0.1366,0.2267,3,
aws,machine,T4,1,ap-northeast-1,g4dn.xlarge,0.7100,0.3370,0.3396,3,
aws,machine,T4,1,ap-northeast-2,g4dn.xlarge,0.6470,0.3214,0.3333,3,
aws,machine,T4,1,ap-northeast-3,g4dn.xlarge,0.7100,0.2335,0.2745,2,
aws,machine,T4,1,ap-south-1,g4dn.xlarge,0.5790,0.2171,0.2375,3,
aws,machine,T4,1,ap-southeast-1,g4dn.xlarge,0.7360,0.3127,0.3283,3,
aws,machine,T4,1,ap-southeast-2,g4dn.xlarge,0.6840,0.3079,0.3204,3,
aws,machine,T4,1,ca-central-1,g4dn.xlarge,0.5840,0.2406,0.2495,2,
aws,machine,T4,1,eu-central-1,g4dn.xlarge,0.6580,0.3062,0.3096,3,
aws,machine,T4,1,eu-north-1,g4dn.xlarge,0.5580,0.0802,0.0872,3,
aws,machine,T4,1,eu-south-1,g4dn.xlarge,0.6160,0.1633,0.1926,2,
aws,machine,T4,1,eu-west-1,g4dn.xlarge,0.5870,0.3543,0.3596,3,
aws,machine,T4,1,eu-west-2,g4dn.xlarge,0.6150,0.1893,0.2059,3,
aws,machine,T4,1,eu-west-3,g4dn.xlarge,0.6150,0.1863,0.2015,3,
aws,machine,T4,1,us-east-1,g4dn.xlarge,0.5260,0.2473,0.2759,5,
aws,machine,T4,1,us-east-2,g4dn.xlarge,0.5260,0.2695,0.2759,3,
aws,machine,T4,1,us-west-1,g4dn.xlarge,0.6310,0.3493,0.4515,2,
aws,machine,T4,1,us-west-2,g4dn.xlarge,0.5260,0.0975,0.2413,5,
aws,machine,T4,4,af-south-1,g4dn.12xlarge,5.1900,0.8994,1.2200,2,
aws,machine,T4,4,ap-east-1,g4dn.12xlarge,6.0240,2.7907,3.4875,3,
aws,machine,T4,4,ap-northeast-1,g4dn.12xlarge,5.2810,2.6532,2.7831,3,
aws,machine,T4,4,ap-northeast-2,g4dn.12xlarge,4.8120,2.4515,3.1170,3,
aws,machine,T4,4,ap-northeast-3,g4dn.12xlarge,5.2810,1.5890,1.6716,2,
aws,machine,T4,4,ap-south-1,g4dn.12xlarge,4.3060,1.7873,2.2054,3,
aws,machine,T4,4,ap-southeast-1,g4dn.12xlarge,5.4740,1.8367,1.9932,3,
aws,machine,T4,4,ap-southeast-2,g4dn.12xlarge,5.0870,2.1473,2.4667,3,
aws,machine,T4,4,ca-central-1,g4dn.12xlarge,4.3430,1.6079,1.6112,2,
aws,machine,T4,4,eu-central-1,g4dn.12xlarge,4.8900,1.9422,2.1377,3,
aws,machine,T4,4,eu-north-1,g4dn.12xlarge,4.1500,0.9467,1.6504,3,
aws,machine,T4,4,eu-south-1,g4dn.12xlarge,4.5800,2.1531,2.6769,2,
aws,machine,T4,4,eu-west-1,g4dn.12xlarge,4.3620,1.9328,2.2966,3,
aws,machine,T4,4,eu-west-2,g4dn.12xlarge,4.5770,1.5414,1.8136,3,
aws,machine,T4,4,eu-west-3,g4dn.12xlarge,4.5740,1.3771,1.6806,3,
aws,machine,T4,4,us-east-1,g4dn.12xlarge,3.9120,1.4845,1.5745,5,
aws,machine,T4,4,us-east-2,g4dn.12xlarge,3.9120,1.9199,1.9654,3,
aws,machine,T4,4,us-west-1,g4dn.12xlarge,4.6940,2.0696,2.3488,2,
aws,machine,T4,4,us-west-2,g4dn.12xlarge,3.9120,1.4941,1.7286,5,
aws,machine,T4,8,af-south-1,g4dn.metal,10.3810,10.3810,10.3810,2,
aws,machine,T4,8,ap-east-1,g4dn.metal,12.0480,1.3163,2.2143,3,
aws,machine,T4,8,ap-northeast-1,g4dn.metal,10.5620,5.5137,6.5423,3,
aws,machine,T4,8,ap-northeast-2,g4dn.metal,9.6240,4.3308,4.6807,3,
aws,machine,T4,8,ap-northeast-3,g4dn.metal,10.5620,4.5868,4.6682,2,
aws,machine,T4,8,ap-south-1,g4dn.metal,8.6120,3.1571,3.6208,3,
aws,machine,T4,8,ap-southeast-1,g4dn.metal,10.9480,3.8525,3.9418,3,
aws,machine,T4,8,ap-southeast-2,g4dn.metal,10.1740,3.6410,4.9179,3,
aws,machine,T4,8,ca-central-1,g4dn.metal,8.6870,4.6727,8.6870,2,
aws,machine,T4,8,eu-central-1,g4dn.metal,9.7800,4.1912,4.6527,3,
aws,machine,T4,8,eu-north-1,g4dn.metal,8.3000,2.0430,3.0901,3,
aws,machine,T4,8,eu-south-1,g4dn.metal,9.1600,1.3849,2.9874,2,
aws,machine,T4,8,eu-west-1,g4dn.metal,8.7240,4.2082,5.0664,3,
aws,machine,T4,8,eu-west-2,g4dn.metal,9.1540,1.0945,4.4635,3,
aws,machine,T4,8,eu-west-3,g4dn.metal,9.1480,3.4450,3.5150,3,
aws,machine,T4,8,us-east-1,g4dn.metal,7.8240,5.2384,7.7201,5,
aws,machine,T4,8,us-east-2,g4dn.metal,7.8240,4.0119,4.1229,3,
aws,machine,T4,8,us-west-1,g4dn.metal,9.3890,2.9573,3.6993,2,
aws,machine,T4,8,us-west-2,g4dn.metal,7.8240,4.5051,4.8717,5,
aws,machine,T4g,1,ap-northeast-1,g5g.xlarge,0.5669,0.2555,0.2574,2,
aws,machine,T4g,1,ap-northeast-2,g5g.xlarge,0.5166,0.2328,0.2336,2,
aws,machine,T4g,1,ap-southeast-1,g5g.xlarge,0.5877,0.2065,0.2710,2,
aws,machine,T4g,1,eu-central-1,g5g.xlarge,0.5254,0.1242,0.1242,1,
aws,machine,T4g,1,eu-south-2,g5g.xlarge,0.4687,0.1171,0.1171,1,
aws,machine,T4g,1,us-east-1,g5g.xlarge,0.4200,0.1257,0.1654,4,
aws,machine,T4g,1,us-west-2,g5g.xlarge,0.4200,0.1260,0.1502,3,
aws,machine,T4g,2,ap-northeast-1,g5g.16xlarge,3.7039,1.6670,1.6670,2,
aws,machine,T4g,2,ap-northeast-2,g5g.16xlarge,3.3752,1.5188,1.5188,2,
aws,machine,T4g,2,ap-southeast-1,g5g.16xlarge,3.8395,0.6509,1.4633,2,
aws,machine,T4g,2,ap-southeast-3,g5g.metal,3.8395,0.3840,0.3840,1,
aws,machine,T4g,2,eu-central-1,g5g.16xlarge,3.4326,1.7409,1.7409,1,
aws,machine,T4g,2,eu-south-2,g5g.16xlarge,3.0622,0.3062,0.3062,1,
aws,machine,T4g,2,us-east-1,g5g.16xlarge,2.7440,0.6843,0.8192,4,
aws,machine,T4g,2,us-west-2,g5g.16xlarge,2.7440,0.8660,1.0960,3,
aws,machine,V100-32GB,8,ap-northeast-1,p3dn.24xlarge,42.7830,4.2783,4.2783,1,
aws,machine,V100-32GB,8,eu-west-1,p3dn.24xlarge,33.7110,5.8655,7.9372,2,
aws,machine,V100-32GB,8,us-east-1,p3dn.24xlarge,31.2120,3.3336,3.4032,2,
aws,machine,V100-32GB,8,us-west-2,p3dn.24xlarge,31.2120,7.5197,11.0184,2,
gcp,accelerator,A100,1,asia-northeast1,,3.1016,1.8563,1.8563,2,
gcp,accelerator,A100,1,asia-northeast3,,3.1016,1.8563,1.8563,2,
gcp,accelerator,A100,1,asia-southeast1,,3.1016,1.8563,1.8563,3,
gcp,accelerator,A100,1,europe-west4,,2.9339,1.7599,1.7599,2,
gcp,accelerator,A100,1,me-west1,,3.2273,1.9364,1.9364,2,
gcp,accelerator,A100,1,us-central1,,2.9339,1.7603,1.7603,4,
gcp,accelerator,A100,1,us-east1,,2.9339,1.7603,1.7603,1,
gcp,accelerator,A100,1,us-west1,,2.9339,1.7603,1.7603,1,
gcp,accelerator,A100,1,us-west3,,3.4369,2.0570,2.0570,1,
gcp,accelerator,A100,1,us-west4,,3.1016,1.7324,1.7324,1,
gcp,accelerator,A100,2,asia-northeast1,,6.2031,3.7126,3.7126,2,
gcp,accelerator,A100,2,asia-northeast3,,6.2031,3.7126,3.7126,2,
gcp,accelerator,A100,2,asia-southeast1,,6.2031,3.7126,3.7126,3,
gcp,accelerator,A100,2,europe-west4,,5.8678,3.5198,3.5198,2,
gcp,accelerator,A100,2,me-west1,,6.4546,3.8728,3.8728,2,
gcp,accelerator,A100,2,us-central1,,5.8678,3.5206,3.5206,4,
gcp,accelerator,A100,2,us-east1,,5.8678,3.5206,3.5206,1,
gcp,accelerator,A100,2,us-west1,,5.8678,3.5206,3.5206,1,
gcp,accelerator,A100,2,us-west3,,6.8737,4.1140,4.1140,1,
gcp,accelerator,A100,2,us-west4,,6.2031,3.4648,3.4648,1,
gcp,accelerator,A100,4,asia-northeast1,,12.4062,7.4252,7.4252,2,
gcp,accelerator,A100,4,asia-northeast3,,12.4062,7.4252,7.4252,2,
gcp,accelerator,A100,4,asia-southeast1,,12.4062,7.4252,7.4252,3,
gcp,accelerator,A100,4,europe-west4,,11.7356,7.0396,7.0396,2,
gcp,accelerator,A100,4,me-west1,,12.9092,7.7456,7.7456,2,
gcp,accelerator,A100,4,us-central1,,11.7356,7.0412,7.0412,4,
gcp,accelerator,A100,4,us-east1,,11.7356,7.0412,7.0412,1,
gcp,accelerator,A100,4,us-west1,,11.7356,7.0412,7.0412,1,
gcp,accelerator,A100,4,us-west3,,13.7475,8.2280,8.2280,1,
gcp,accelerator,A100,4,us-west4,,12.4062,6.9296,6.9296,1,
gcp,accelerator,A100,8,asia-northeast1,,24.8125,14.8504,14.8504,2,
gcp,accelerator,A100,8,asia-northeast3,,24.8125,14.8504,14.8504,2,
gcp,accelerator,A100,8,asia-southeast1,,24.8125,14.8504,14.8504,3,
gcp,accelerator,A100,8,europe-west4,,23.4713,14.0792,14.0792,2,
gcp,accelerator,A100,8,me-west1,,25.8184,15.4912,15.4912,2,
gcp,accelerator,A100,8,us-central1,,23.4713,14.0824,14.0824,4,
gcp,accelerator,A100,8,us-east1,,23.4713,14.0824,14.0824,1,
gcp,accelerator,A100,8,us-west1,,23.4713,14.0824,14.0824,1,
gcp,accelerator,A100,8,us-west3,,27.4949,16.4560,16.4560,1,
gcp,accelerator,A100,8,us-west4,,24.8125,13.8592,13.8592,1,
gcp,accelerator,A100,16,asia-northeast1,,49.6250,29.7008,29.7008,2,
gcp,accelerator,A100,16,asia-northeast3,,49.6250,29.7008,29.7008,2,
gcp,accelerator,A100,16,asia-southeast1,,49.6250,29.7008,29.7008,3,
gcp,accelerator,A100,16,europe-west4,,46.9425,28.1584,28.1584,2,
gcp,accelerator,A100,16,me-west1,,51.6368,30.9824,30.9824,2,
gcp,accelerator,A100,16,us-central1,,46.9425,28.1648,28.1648,4,
gcp,accelerator,A100,16,us-east1,,46.9425,28.1648,28.1648,1,
gcp,accelerator,A100,16,us-west1,,46.9425,28.1648,28.1648,1,
gcp,accelerator,A100,16,us-west3,,54.9898,32.9120,32.9120,1,
gcp,accelerator,A100,16,us-west4,,49.6250,27.7184,27.7184,1,
gcp,accelerator,A100-80GB,1,asia-southeast1,,4.8461,2.6481,2.6481,1,
gcp,accelerator,A100-80GB,1,europe-west4,,4.3252,1.8363,1.8363,1,
gcp,accelerator,A100-80GB,1,us-central1,,3.9281,2.3568,2.3568,2,
gcp,accelerator,A100-80GB,1,us-east4,,4.4242,1.7608,1.7608,1,
gcp,accelerator,A100-80GB,1,us-east5,,4.4242,1.3027,1.3027,2,
gcp,accelerator,A100-80GB,2,asia-southeast1,,9.6921,5.2962,5.2962,1,
gcp,accelerator,A100-80GB,2,europe-west4,,8.6504,3.6726,3.6726,1,
gcp,accelerator,A100-80GB,2,us-central1,,7.8562,4.7136,4.7136,2,
gcp,accelerator,A100-80GB,2,us-east4,,8.8484,3.5216,3.5216,1,
gcp,accelerator,A100-80GB,2,us-east5,,8.8484,2.6054,2.6054,2,
gcp,accelerator,A100-80GB,4,asia-southeast1,,19.3843,10.5924,10.5924,1,
gcp,accelerator,A100-80GB,4,europe-west4,,17.3008,7.3452,7.3452,1,
gcp,accelerator,A100-80GB,4,us-central1,,15.7123,9.4272,9.4272,2,
gcp,accelerator,A100-80GB,4,us-east4,,17.6968,7.0432,7.0432,1,
gcp,accelerator,A100-80GB,4,us-east5,,17.6968,5.2108,5.2108,2,
gcp,accelerator,A100-80GB,8,asia-southeast1,,38.7686,21.1848,21.1848,1,
gcp,accelerator,A100-80GB,8,europe-west4,,34.6017,14.6904,14.6904,1,
gcp,accelerator,A100-80GB,8,us-central1,,31.4246,18.8544,18.8544,2,
gcp,accelerator,A100-80GB,8,us-east4,,35.3936,14.0864,14.0864,1,
gcp,accelerator,A100-80GB,8,us-east5,,35.3936,10.4216,10.4216,2,
gcp,accelerator,B200,8,asia-northeast1,,90.2160,49.8256,49.8256,1,
gcp,accelerator,B200,8,asia-south2,,90.2160,14.1672,14.1672,1,
gcp,accelerator,B200,8,asia-southeast1,,154.6560,39.2168,39.2168,1,
gcp,accelerator,B200,8,europe-north1,,90.2160,43.4984,43.4984,2,
gcp,accelerator,B200,8,europe-west1,,90.2160,21.2704,21.2704,1,
gcp,accelerator,B200,8,europe-west4,,90.2160,41.3232,41.3232,1,
gcp,accelerator,B200,8,us-central1,,90.2160,39.6336,39.6336,1,
gcp,accelerator,B200,8,us-east1,,90.2160,39.6336,39.6336,2,
gcp,accelerator,B200,8,us-east4,,90.2160,32.6064,32.6064,1,
gcp,accelerator,B200,8,us-south1,,90.2160,35.9488,35.9488,1,
gcp,accelerator,B200,8,us-west2,,90.2160,33.9880,33.9880,1,
gcp,accelerator,B200,8,us-west3,,90.2160,41.3232,41.3232,2,
gcp,accelerator,H100,1,asia-east1,,11.3434,6.8061,6.8061,1,
gcp,accelerator,H100,1,asia-northeast1,,14.2050,2.5690,2.5690,2,
gcp,accelerator,H100,1,asia-northeast3,,12.5807,4.6045,4.6045,2,
gcp,accelerator,H100,1,asia-south1,,10.1884,5.8043,5.8043,2,
gcp,accelerator,H100,1,asia-south2,,11.7666,3.2531,3.2531,1,
gcp,accelerator,H100,1,asia-southeast1,,12.7355,7.6413,7.6413,2,
gcp,accelerator,H100,1,australia-southeast1,,12.2457,2.9132,2.9132,1,
gcp,accelerator,H100,1,australia-southeast2,,12.7355,1.1560,1.1560,1,
gcp,accelerator,H100,1,europe-north1,,10.7870,0.9708,0.9708,1,
gcp,accelerator,H100,1,europe-west1,,10.7870,5.5837,5.5837,2,
gcp,accelerator,H100,1,europe-west2,,11.1681,1.2770,1.2770,2,
gcp,accelerator,H100,1,europe-west3,,11.5599,6.9360,6.9360,2,
gcp,accelerator,H100,1,europe-west4,,12.7355,6.9564,6.9564,2,
gcp,accelerator,H100,1,europe-west9,,11.3640,3.5672,3.5672,1,
gcp,accelerator,H100,1,northamerica-northeast2,,10.7870,2.7193,2.7193,1,
gcp,accelerator,H100,1,us-central1,,9.7965,5.8632,5.8632,3,
gcp,accelerator,H100,1,us-east4,,9.7965,5.8779,5.8779,3,
gcp,accelerator,H100,1,us-east5,,11.0338,5.4607,5.4607,1,
gcp,accelerator,H100,1,us-west1,,9.7965,5.8632,5.8632,2,
gcp,accelerator,H100,1,us-west4,,11.0338,5.2125,5.2125,1,
gcp,accelerator,H100,2,asia-east1,,22.6869,13.6122,13.6122,1,
gcp,accelerator,H100,2,asia-northeast1,,28.4100,5.1380,5.1380,2,
gcp,accelerator,H100,2,asia-northeast3,,25.1615,9.2090,9.2090,2,
gcp,accelerator,H100,2,asia-south1,,20.3768,11.6086,11.6086,2,
gcp,accelerator,H100,2,asia-south2,,23.5333,6.5062,6.5062,1,
gcp,accelerator,H100,2,asia-southeast1,,25.4710,15.2826,15.2826,2,
gcp,accelerator,H100,2,australia-southeast1,,24.4914,5.8264,5.8264,1,
gcp,accelerator,H100,2,australia-southeast2,,25.4710,2.3120,2.3120,1,
gcp,accelerator,H100,2,europe-north1,,21.5740,1.9416,1.9416,1,
gcp,accelerator,H100,2,europe-west1,,21.5740,11.1674,11.1674,2,
gcp,accelerator,H100,2,europe-west2,,22.3361,2.5540,2.5540,2,
gcp,accelerator,H100,2,europe-west3,,23.1199,13.8720,13.8720,2,
gcp,accelerator,H100,2,europe-west4,,25.4710,13.9128,13.9128,2,
gcp,accelerator,H100,2,europe-west9,,22.7280,7.1344,7.1344,1,
gcp,accelerator,H100,2,northamerica-northeast2,,21.5740,5.4386,5.4386,1,
gcp,accelerator,H100,2,us-central1,,19.5931,11.7264,11.7264,3,
gcp,accelerator,H100,2,us-east4,,19.5931,11.7558,11.7558,3,
gcp,accelerator,H100,2,us-east5,,22.0677,10.9214,10.9214,1,
gcp,accelerator,H100,2,us-west1,,19.5931,11.7264,11.7264,2,
gcp,accelerator,H100,2,us-west4,,22.0677,10.4250,10.4250,1,
gcp,accelerator,H100,4,asia-east1,,45.3737,27.2244,27.2244,1,
gcp,accelerator,H100,4,asia-northeast1,,56.8200,10.2760,10.2760,2,
gcp,accelerator,H100,4,asia-northeast3,,50.3229,18.4180,18.4180,2,
gcp,accelerator,H100,4,asia-south1,,40.7536,23.2172,23.2172,2,
gcp,accelerator,H100,4,asia-south2,,47.0666,13.0124,13.0124,1,
gcp,accelerator,H100,4,asia-southeast1,,50.9421,30.5652,30.5652,2,
gcp,accelerator,H100,4,australia-southeast1,,48.9828,11.6528,11.6528,1,
gcp,accelerator,H100,4,australia-southeast2,,50.9421,4.6240,4.6240,1,
gcp,accelerator,H100,4,europe-north1,,43.1479,3.8832,3.8832,1,
gcp,accelerator,H100,4,europe-west1,,43.1479,22.3348,22.3348,2,
gcp,accelerator,H100,4,europe-west2,,44.6723,5.1080,5.1080,2,
gcp,accelerator,H100,4,europe-west3,,46.2397,27.7440,27.7440,2,
gcp,accelerator,H100,4,europe-west4,,50.9421,27.8256,27.8256,2,
gcp,accelerator,H100,4,europe-west9,,45.4560,14.2688,14.2688,1,
gcp,accelerator,H100,4,northamerica-northeast2,,43.1479,10.8772,10.8772,1,
gcp,accelerator,H100,4,us-central1,,39.1862,23.4528,23.4528,3,
gcp,accelerator,H100,4,us-east4,,39.1862,23.5116,23.5116,3,
gcp,accelerator,H100,4,us-east5,,44.1354,21.8428,21.8428,1,
gcp,accelerator,H100,4,us-west1,,39.1862,23.4528,23.4528,2,
gcp,accelerator,H100,4,us-west4,,44.1354,20.8500,20.8500,1,
gcp,accelerator,H100,8,asia-east1,,90.7474,54.4488,54.4488,1,
gcp,accelerator,H100,8,asia-northeast1,,113.6400,20.5520,20.5520,2,
gcp,accelerator,H100,8,asia-northeast3,,100.6458,36.8360,36.8360,2,
gcp,accelerator,H100,8,asia-south1,,81.5073,46.4344,46.4344,2,
gcp,accelerator,H100,8,asia-south2,,94.1331,26.0248,26.0248,1,
gcp,accelerator,H100,8,asia-southeast1,,101.8841,61.1304,61.1304,2,
gcp,accelerator,H100,8,australia-southeast1,,97.9655,23.3056,23.3056,1,
gcp,accelerator,H100,8,australia-southeast2,,101.8842,9.2480,9.2480,1,
gcp,accelerator,H100,8,europe-north1,,86.2958,7.7664,7.7664,1,
gcp,accelerator,H100,8,europe-west1,,86.2958,44.6696,44.6696,2,
gcp,accelerator,H100,8,europe-west2,,89.3446,10.2160,10.2160,2,
gcp,accelerator,H100,8,europe-west3,,92.4794,55.4880,55.4880,2,
gcp,accelerator,H100,8,europe-west4,,101.8841,55.6512,55.6512,2,
gcp,accelerator,H100,8,europe-west9,,90.9120,28.5376,28.5376,1,
gcp,accelerator,H100,8,northamerica-northeast2,,86.2958,21.7544,21.7544,1,
gcp,accelerator,H100,8,us-central1,,78.3724,46.9056,46.9056,3,
gcp,accelerator,H100,8,us-east4,,78.3724,47.0232,47.0232,3,
gcp,accelerator,H100,8,us-east5,,88.2708,43.6856,43.6856,1,
gcp,accelerator,H100,8,us-west1,,78.3724,46.9056,46.9056,2,
gcp,accelerator,H100,8,us-west4,,88.2708,41.7000,41.7000,1,
gcp,accelerator,H200,8,asia-south1,,89.3927,53.6208,53.6208,1,
gcp,accelerator,H200,8,europe-west1,,82.0253,49.2032,49.2032,1,
gcp,accelerator,H200,8,us-central1,,74.4939,44.6880,44.6880,1,
gcp,accelerator,H200,8,us-east4,,74.4939,44.5720,44.5720,1,
gcp,accelerator,H200,8,us-west1,,74.4939,44.6880,44.6880,1,
gcp,accelerator,L4,1,asia-east1,,0.6485,0.3885,0.3885,3,
gcp,accelerator,L4,1,asia-northeast1,,0.7192,0.4304,0.4304,3,
gcp,accelerator,L4,1,asia-northeast3,,0.7192,0.2578,0.2578,2,
gcp,accelerator,L4,1,asia-south1,,0.5830,0.2969,0.2969,3,
gcp,accelerator,L4,1,asia-southeast1,,0.6909,0.4146,0.4146,3,
gcp,accelerator,L4,1,europe-west1,,0.6167,0.3589,0.3589,2,
gcp,accelerator,L4,1,europe-west2,,0.6377,0.3826,0.3826,2,
gcp,accelerator,L4,1,europe-west3,,0.6600,0.3940,0.3940,2,
gcp,accelerator,L4,1,europe-west4,,0.5886,0.3531,0.3531,3,
gcp,accelerator,L4,1,europe-west6,,0.7834,0.4689,0.4689,2,
gcp,accelerator,L4,1,me-central2,,0.8961,0.5081,0.5081,2,
gcp,accelerator,L4,1,northamerica-northeast1,,0.6167,0.3691,0.3691,2,
gcp,accelerator,L4,1,northamerica-northeast2,,0.6167,0.3699,0.3699,2,
gcp,accelerator,L4,1,us-central1,,0.5600,0.3360,0.3360,3,
gcp,accelerator,L4,1,us-east1,,0.5600,0.3360,0.3360,3,
gcp,accelerator,L4,1,us-east4,,0.5582,0.2978,0.2978,2,
gcp,accelerator,L4,1,us-west1,,0.5600,0.3360,0.3360,3,
gcp,accelerator,L4,1,us-west4,,0.6308,0.3785,0.3785,2,
gcp,accelerator,L4,2,asia-east1,,1.2969,0.7770,0.7770,3,
gcp,accelerator,L4,2,asia-northeast1,,1.4384,0.8608,0.8608,3,
gcp,accelerator,L4,2,asia-northeast3,,1.4384,0.5156,0.5156,2,
gcp,accelerator,L4,2,asia-south1,,1.1660,0.5938,0.5938,3,
gcp,accelerator,L4,2,asia-southeast1,,1.3818,0.8292,0.8292,3,
gcp,accelerator,L4,2,europe-west1,,1.2333,0.7178,0.7178,2,
gcp,accelerator,L4,2,europe-west2,,1.2753,0.7652,0.7652,2,
gcp,accelerator,L4,2,europe-west3,,1.3201,0.7880,0.7880,2,
gcp,accelerator,L4,2,europe-west4,,1.1773,0.7062,0.7062,3,
gcp,accelerator,L4,2,europe-west6,,1.5669,0.9378,0.9378,2,
gcp,accelerator,L4,2,me-central2,,1.7921,1.0162,1.0162,2,
gcp,accelerator,L4,2,northamerica-northeast1,,1.2333,0.7382,0.7382,2,
gcp,accelerator,L4,2,northamerica-northeast2,,1.2333,0.7398,0.7398,2,
gcp,accelerator,L4,2,us-central1,,1.1201,0.6720,0.6720,3,
gcp,accelerator,L4,2,us-east1,,1.1201,0.6720,0.6720,3,
gcp,accelerator,L4,2,us-east4,,1.1164,0.5956,0.5956,2,
gcp,accelerator,L4,2,us-west1,,1.1201,0.6720,0.6720,3,
gcp,accelerator,L4,2,us-west4,,1.2615,0.7570,0.7570,2,
gcp,accelerator,L4,4,asia-east1,,2.5939,1.5540,1.5540,3,
gcp,accelerator,L4,4,asia-northeast1,,2.8768,1.7216,1.7216,3,
gcp,accelerator,L4,4,asia-northeast3,,2.8768,1.0312,1.0312,2,
gcp,accelerator,L4,4,asia-south1,,2.3319,1.1876,1.1876,3,
gcp,accelerator,L4,4,asia-southeast1,,2.7637,1.6584,1.6584,3,
gcp,accelerator,L4,4,europe-west1,,2.4666,1.4356,1.4356,2,
gcp,accelerator,L4,4,europe-west2,,2.5506,1.5304,1.5304,2,
gcp,accelerator,L4,4,europe-west3,,2.6401,1.5760,1.5760,2,
gcp,accelerator,L4,4,europe-west4,,2.3545,1.4124,1.4124,3,
gcp,accelerator,L4,4,europe-west6,,3.1338,1.8756,1.8756,2,
gcp,accelerator,L4,4,me-central2,,3.5843,2.0324,2.0324,2,
gcp,accelerator,L4,4,northamerica-northeast1,,2.4666,1.4764,1.4764,2,
gcp,accelerator,L4,4,northamerica-northeast2,,2.4666,1.4796,1.4796,2,
gcp,accelerator,L4,4,us-central1,,2.2402,1.3440,1.3440,3,
gcp,accelerator,L4,4,us-east1,,2.2402,1.3440,1.3440,3,
gcp,accelerator,L4,4,us-east4,,2.2328,1.1912,1.1912,2,
gcp,accelerator,L4,4,us-west1,,2.2402,1.3440,1.3440,3,
gcp,accelerator,L4,4,us-west4,,2.5231,1.5140,1.5140,2,
gcp,accelerator,L4,8,asia-east1,,5.1878,3.1080,3.1080,3,
gcp,accelerator,L4,8,asia-northeast1,,5.7536,3.4432,3.4432,3,
gcp,accelerator,L4,8,asia-northeast3,,5.7536,2.0624,2.0624,2,
gcp,accelerator,L4,8,asia-south1,,4.6638,2.3752,2.3752,3,
gcp,accelerator,L4,8,asia-southeast1,,5.5274,3.3168,3.3168,3,
gcp,accelerator,L4,8,europe-west1,,4.9333,2.8712,2.8712,2,
gcp,accelerator,L4,8,europe-west2,,5.1012,3.0608,3.0608,2,
gcp,accelerator,L4,8,europe-west3,,5.2802,3.1520,3.1520,2,
gcp,accelerator,L4,8,europe-west4,,4.7090,2.8248,2.8248,3,
gcp,accelerator,L4,8,europe-west6,,6.2675,3.7512,3.7512,2,
gcp,accelerator,L4,8,me-central2,,7.1685,4.0648,4.0648,2,
gcp,accelerator,L4,8,northamerica-northeast1,,4.9333,2.9528,2.9528,2,
gcp,accelerator,L4,8,northamerica-northeast2,,4.9333,2.9592,2.9592,2,
gcp,accelerator,L4,8,us-central1,,4.4803,2.6880,2.6880,3,
gcp,accelerator,L4,8,us-east1,,4.4803,2.6880,2.6880,3,
gcp,accelerator,L4,8,us-east4,,4.4657,2.3824,2.3824,2,
gcp,accelerator,L4,8,us-west1,,4.4803,2.6880,2.6880,3,
gcp,accelerator,L4,8,us-west4,,5.0462,3.0280,3.0280,2,
gcp,accelerator,RTXPRO6000,1,asia-east1,,1.4243,0.6894,0.6894,2,
gcp,accelerator,RTXPRO6000,1,asia-northeast1,,1.4243,0.5697,0.5697,1,
gcp,accelerator,RTXPRO6000,1,asia-south1,,1.4244,0.6267,0.6267,1,
gcp,accelerator,RTXPRO6000,1,asia-south2,,1.4243,0.8546,0.8546,2,
gcp,accelerator,RTXPRO6000,1,asia-southeast1,,1.3148,0.6046,0.6046,3,
gcp,accelerator,RTXPRO6000,1,asia-southeast2,,1.4244,0.7146,0.7146,2,
gcp,accelerator,RTXPRO6000,1,europe-north1,,1.2052,0.5554,0.5554,3,
gcp,accelerator,RTXPRO6000,1,europe-west1,,1.2052,0.6416,0.6416,2,
gcp,accelerator,RTXPRO6000,1,europe-west10,,1.3148,0.5496,0.5496,1,
gcp,accelerator,RTXPRO6000,1,europe-west2,,1.3148,0.7332,0.7332,2,
gcp,accelerator,RTXPRO6000,1,europe-west4,,1.2052,0.5001,0.5001,3,
gcp,accelerator,RTXPRO6000,1,europe-west8,,1.3148,0.6318,0.6318,2,
gcp,accelerator,RTXPRO6000,1,me-central2,,1.3148,0.5785,0.5785,1,
gcp,accelerator,RTXPRO6000,1,us-central1,,1.0957,0.5528,0.5528,3,
gcp,accelerator,RTXPRO6000,1,us-east1,,1.0957,0.3222,0.3222,2,
gcp,accelerator,RTXPRO6000,1,us-east4,,1.0957,0.5833,0.5833,2,
gcp,accelerator,RTXPRO6000,1,us-east5,,1.2052,0.5001,0.5001,3,
gcp,accelerator,RTXPRO6000,1,us-south1,,1.0957,0.5001,0.5001,2,
gcp,accelerator,RTXPRO6000,1,us-west1,,1.0957,0.3222,0.3222,3,
gcp,accelerator,RTXPRO6000,1,us-west3,,1.2052,0.6869,0.6869,1,
gcp,accelerator,RTXPRO6000,1,us-west4,,1.2052,0.5568,0.5568,3,
gcp,accelerator,RTXPRO6000,2,asia-east1,,2.8487,1.3788,1.3788,2,
gcp,accelerator,RTXPRO6000,2,asia-northeast1,,2.8487,1.1395,1.1395,1,
gcp,accelerator,RTXPRO6000,2,asia-south1,,2.8487,1.2534,1.2534,1,
gcp,accelerator,RTXPRO6000,2,asia-south2,,2.8487,1.7092,1.7092,2,
gcp,accelerator,RTXPRO6000,2,asia-southeast1,,2.6296,1.2092,1.2092,3,
gcp,accelerator,RTXPRO6000,2,asia-southeast2,,2.8487,1.4292,1.4292,2,
gcp,accelerator,RTXPRO6000,2,europe-north1,,2.4104,1.1108,1.1108,3,
gcp,accelerator,RTXPRO6000,2,europe-west1,,2.4104,1.2832,1.2832,2,
gcp,accelerator,RTXPRO6000,2,europe-west10,,2.6296,1.0992,1.0992,1,
gcp,accelerator,RTXPRO6000,2,europe-west2,,2.6296,1.4664,1.4664,2,
gcp,accelerator,RTXPRO6000,2,europe-west4,,2.4104,1.0002,1.0002,3,
gcp,accelerator,RTXPRO6000,2,europe-west8,,2.6296,1.2636,1.2636,2,
gcp,accelerator,RTXPRO6000,2,me-central2,,2.6296,1.1570,1.1570,1,
gcp,accelerator,RTXPRO6000,2,us-central1,,2.1913,1.1056,1.1056,3,
gcp,accelerator,RTXPRO6000,2,us-east1,,2.1913,0.6444,0.6444,2,
gcp,accelerator,RTXPRO6000,2,us-east4,,2.1913,1.1666,1.1666,2,
gcp,accelerator,RTXPRO6000,2,us-east5,,2.4104,1.0002,1.0002,3,
gcp,accelerator,RTXPRO6000,2,us-south1,,2.1913,1.0002,1.0002,2,
gcp,accelerator,RTXPRO6000,2,us-west1,,2.1913,0.6444,0.6444,3,
gcp,accelerator,RTXPRO6000,2,us-west3,,2.4104,1.3738,1.3738,1,
gcp,accelerator,RTXPRO6000,2,us-west4,,2.4104,1.1136,1.1136,3,
gcp,accelerator,RTXPRO6000,4,asia-east1,,5.6974,2.7576,2.7576,2,
gcp,accelerator,RTXPRO6000,4,asia-northeast1,,5.6974,2.2790,2.2790,1,
gcp,accelerator,RTXPRO6000,4,asia-south1,,5.6974,2.5068,2.5068,1,
gcp,accelerator,RTXPRO6000,4,asia-south2,,5.6974,3.4184,3.4184,2,
gcp,accelerator,RTXPRO6000,4,asia-southeast1,,5.2591,2.4184,2.4184,3,
gcp,accelerator,RTXPRO6000,4,asia-southeast2,,5.6974,2.8584,2.8584,2,
gcp,accelerator,RTXPRO6000,4,europe-north1,,4.8209,2.2216,2.2216,3,
gcp,accelerator,RTXPRO6000,4,europe-west1,,4.8209,2.5664,2.5664,2,
gcp,accelerator,RTXPRO6000,4,europe-west10,,5.2591,2.1984,2.1984,1,
gcp,accelerator,RTXPRO6000,4,europe-west2,,5.2591,2.9328,2.9328,2,
gcp,accelerator,RTXPRO6000,4,europe-west4,,4.8209,2.0004,2.0004,3,
gcp,accelerator,RTXPRO6000,4,europe-west8,,5.2591,2.5272,2.5272,2,
gcp,accelerator,RTXPRO6000,4,me-central2,,5.2591,2.3140,2.3140,1,
gcp,accelerator,RTXPRO6000,4,us-central1,,4.3826,2.2112,2.2112,3,
gcp,accelerator,RTXPRO6000,4,us-east1,,4.3826,1.2888,1.2888,2,
gcp,accelerator,RTXPRO6000,4,us-east4,,4.3826,2.3332,2.3332,2,
gcp,accelerator,RTXPRO6000,4,us-east5,,4.8209,2.0004,2.0004,3,
gcp,accelerator,RTXPRO6000,4,us-south1,,4.3826,2.0004,2.0004,2,
gcp,accelerator,RTXPRO6000,4,us-west1,,4.3826,1.2888,1.2888,3,
gcp,accelerator,RTXPRO6000,4,us-west3,,4.8209,2.7476,2.7476,1,
gcp,accelerator,RTXPRO6000,4,us-west4,,4.8209,2.2272,2.2272,3,
gcp,accelerator,RTXPRO6000,8,asia-east1,,11.3948,5.5152,5.5152,2,
gcp,accelerator,RTXPRO6000,8,asia-northeast1,,11.3948,4.5579,4.5579,1,
gcp,accelerator,RTXPRO6000,8,asia-south1,,11.3948,5.0136,5.0136,1,
gcp,accelerator,RTXPRO6000,8,asia-south2,,11.3948,6.8368,6.8368,2,
gcp,accelerator,RTXPRO6000,8,asia-southeast1,,10.5182,4.8368,4.8368,3,
gcp,accelerator,RTXPRO6000,8,asia-southeast2,,11.3948,5.7168,5.7168,2,
gcp,accelerator,RTXPRO6000,8,europe-north1,,9.6417,4.4432,4.4432,3,
gcp,accelerator,RTXPRO6000,8,europe-west1,,9.6417,5.1328,5.1328,2,
gcp,accelerator,RTXPRO6000,8,europe-west10,,10.5182,4.3968,4.3968,1,
gcp,accelerator,RTXPRO6000,8,europe-west2,,10.5182,5.8656,5.8656,2,
gcp,accelerator,RTXPRO6000,8,europe-west4,,9.6417,4.0008,4.0008,3,
gcp,accelerator,RTXPRO6000,8,europe-west8,,10.5182,5.0544,5.0544,2,
gcp,accelerator,RTXPRO6000,8,me-central2,,10.5182,4.6280,4.6280,1,
gcp,accelerator,RTXPRO6000,8,us-central1,,8.7652,4.4224,4.4224,3,
gcp,accelerator,RTXPRO6000,8,us-east1,,8.7652,2.5776,2.5776,2,
gcp,accelerator,RTXPRO6000,8,us-east4,,8.7652,4.6664,4.6664,2,
gcp,accelerator,RTXPRO6000,8,us-east5,,9.6417,4.0008,4.0008,3,
gcp,accelerator,RTXPRO6000,8,us-south1,,8.7652,4.0008,4.0008,2,
gcp,accelerator,RTXPRO6000,8,us-west1,,8.7652,2.5776,2.5776,3,
gcp,accelerator,RTXPRO6000,8,us-west3,,9.6417,5.4952,5.4952,1,
gcp,accelerator,RTXPRO6000,8,us-west4,,9.6417,4.4544,4.4544,3,
gcp,accelerator,T4,1,asia-east1,,0.3500,0.2088,0.2088,2,
gcp,accelerator,T4,1,asia-east2,,0.4400,0.2220,0.2220,2,
gcp,accelerator,T4,1,asia-northeast1,,0.3700,0.1731,0.1731,2,
gcp,accelerator,T4,1,asia-northeast3,,0.3700,0.2115,0.2115,2,
gcp,accelerator,T4,1,asia-south1,,0.4100,0.1564,0.1564,2,
gcp,accelerator,T4,1,asia-southeast1,,0.3700,0.1121,0.1121,3,
gcp,accelerator,T4,1,asia-southeast2,,0.4033,0.1143,0.1143,2,
gcp,accelerator,T4,1,australia-southeast1,,0.4400,0.2068,0.2068,2,
gcp,accelerator,T4,1,europe-central2,,0.4100,0.2291,0.2291,2,
gcp,accelerator,T4,1,europe-west1,,0.3500,0.1260,0.1260,3,
gcp,accelerator,T4,1,europe-west2,,0.4100,0.1274,0.1274,2,
gcp,accelerator,T4,1,europe-west3,,0.4100,0.1979,0.1979,1,
gcp,accelerator,T4,1,europe-west4,,0.3500,0.1979,0.1979,3,
gcp,accelerator,T4,1,me-west1,,0.3850,0.1414,0.1414,2,
gcp,accelerator,T4,1,northamerica-northeast1,,0.3850,0.1548,0.1548,1,
gcp,accelerator,T4,1,southamerica-east1,,0.4800,0.2750,0.2750,3,
gcp,accelerator,T4,1,us-central1,,0.3500,0.2095,0.2095,4,
gcp,accelerator,T4,1,us-east1,,0.3500,0.2095,0.2095,3,
gcp,accelerator,T4,1,us-east4,,0.3700,0.1950,0.1950,3,
gcp,accelerator,T4,1,us-west1,,0.3500,0.2095,0.2095,2,
gcp,accelerator,T4,1,us-west2,,0.4100,0.1476,0.1476,2,
gcp,accelerator,T4,1,us-west3,,0.4100,0.0951,0.0951,1,
gcp,accelerator,T4,1,us-west4,,0.3700,0.1598,0.1598,2,
gcp,accelerator,T4,2,asia-east1,,0.7000,0.4176,0.4176,2,
gcp,accelerator,T4,2,asia-east2,,0.8800,0.4440,0.4440,2,
gcp,accelerator,T4,2,asia-northeast1,,0.7400,0.3462,0.3462,2,
gcp,accelerator,T4,2,asia-northeast3,,0.7400,0.4230,0.4230,2,
gcp,accelerator,T4,2,asia-south1,,0.8200,0.3128,0.3128,2,
gcp,accelerator,T4,2,asia-southeast1,,0.7400,0.2242,0.2242,3,
gcp,accelerator,T4,2,asia-southeast2,,0.8066,0.2286,0.2286,2,
gcp,accelerator,T4,2,australia-southeast1,,0.8800,0.4136,0.4136,2,
gcp,accelerator,T4,2,europe-central2,,0.8200,0.4582,0.4582,2,
gcp,accelerator,T4,2,europe-west1,,0.7000,0.2520,0.2520,3,
gcp,accelerator,T4,2,europe-west2,,0.8200,0.2548,0.2548,2,
gcp,accelerator,T4,2,europe-west3,,0.8200,0.3958,0.3958,1,
gcp,accelerator,T4,2,europe-west4,,0.7000,0.3958,0.3958,3,
gcp,accelerator,T4,2,me-west1,,0.7700,0.2828,0.2828,2,
gcp,accelerator,T4,2,northamerica-northeast1,,0.7700,0.3096,0.3096,1,
gcp,accelerator,T4,2,southamerica-east1,,0.9600,0.5500,0.5500,3,
gcp,accelerator,T4,2,us-central1,,0.7000,0.4190,0.4190,4,
gcp,accelerator,T4,2,us-east1,,0.7000,0.4190,0.4190,3,
gcp,accelerator,T4,2,us-east4,,0.7400,0.3900,0.3900,3,
gcp,accelerator,T4,2,us-west1,,0.7000,0.4190,0.4190,2,
gcp,accelerator,T4,2,us-west2,,0.8200,0.2952,0.2952,2,
gcp,accelerator,T4,2,us-west3,,0.8200,0.1902,0.1902,1,
gcp,accelerator,T4,2,us-west4,,0.7400,0.3196,0.3196,2,
gcp,accelerator,T4,4,asia-east1,,1.4000,0.8352,0.8352,2,
gcp,accelerator,T4,4,asia-east2,,1.7600,0.8880,0.8880,2,
gcp,accelerator,T4,4,asia-northeast1,,1.4800,0.6924,0.6924,2,
gcp,accelerator,T4,4,asia-northeast3,,1.4800,0.8460,0.8460,2,
gcp,accelerator,T4,4,asia-south1,,1.6400,0.6256,0.6256,2,
gcp,accelerator,T4,4,asia-southeast1,,1.4800,0.4484,0.4484,3,
gcp,accelerator,T4,4,asia-southeast2,,1.6132,0.4572,0.4572,2,
gcp,accelerator,T4,4,australia-southeast1,,1.7600,0.8272,0.8272,2,
gcp,accelerator,T4,4,europe-central2,,1.6400,0.9164,0.9164,2,
gcp,accelerator,T4,4,europe-west1,,1.4000,0.5040,0.5040,3,
gcp,accelerator,T4,4,europe-west2,,1.6400,0.5096,0.5096,2,
gcp,accelerator,T4,4,europe-west3,,1.6400,0.7916,0.7916,1,
gcp,accelerator,T4,4,europe-west4,,1.4000,0.7916,0.7916,3,
gcp,accelerator,T4,4,me-west1,,1.5400,0.5656,0.5656,2,
gcp,accelerator,T4,4,northamerica-northeast1,,1.5400,0.6192,0.6192,1,
gcp,accelerator,T4,4,southamerica-east1,,1.9200,1.1000,1.1000,3,
gcp,accelerator,T4,4,us-central1,,1.4000,0.8380,0.8380,4,
gcp,accelerator,T4,4,us-east1,,1.4000,0.8380,0.8380,3,
gcp,accelerator,T4,4,us-east4,,1.4800,0.7800,0.7800,3,
gcp,accelerator,T4,4,us-west1,,1.4000,0.8380,0.8380,2,
gcp,accelerator,T4,4,us-west2,,1.6400,0.5904,0.5904,2,
gcp,accelerator,T4,4,us-west3,,1.6400,0.3804,0.3804,1,
gcp,accelerator,T4,4,us-west4,,1.4800,0.6392,0.6392,2,
runpod,machine,A100,1,,NVIDIA A100 80GB PCIe,1.5900,,,0,no_spot
runpod,machine,A100,2,,NVIDIA A100 80GB PCIe,3.1800,,,0,no_spot
runpod,machine,A100,3,,NVIDIA A100 80GB PCIe,4.7700,,,0,no_spot
runpod,machine,A100,4,,NVIDIA A100 80GB PCIe,6.3600,,,0,no_spot
runpod,machine,A100,5,,NVIDIA A100 80GB PCIe,7.9500,,,0,no_spot
runpod,machine,A100,6,,NVIDIA A100 80GB PCIe,9.5400,,,0,no_spot
runpod,machine,A100,7,,NVIDIA A100 80GB PCIe,11.1300,,,0,no_spot
runpod,machine,A100,8,,NVIDIA A100 80GB PCIe,12.7200,,,0,no_spot
runpod,machine,A100,1,,NVIDIA A100-SXM4-80GB,1.5900,,,0,no_spot
runpod,machine,A100,2,,NVIDIA A100-SXM4-80GB,3.1800,,,0,no_spot
runpod,machine,A100,3,,NVIDIA A100-SXM4-80GB,4.7700,,,0,no_spot
runpod,machine,A100,4,,NVIDIA A100-SXM4-80GB,6.3600,,,0,no_spot
runpod,machine,A100,5,,NVIDIA A100-SXM4-80GB,7.9500,,,0,no_spot
runpod,machine,A100,6,,NVIDIA A100-SXM4-80GB,9.5400,,,0,no_spot
runpod,machine,A100,7,,NVIDIA A100-SXM4-80GB,11.1300,,,0,no_spot
runpod,machine,A100,8,,NVIDIA A100-SXM4-80GB,12.7200,,,0,no_spot
runpod,machine,B200,1,,NVIDIA B200,6.7900,,,4,no_spot
runpod,machine,B200,2,,NVIDIA B200,13.5800,,,4,no_spot
runpod,machine,B200,3,,NVIDIA B200,20.3700,,,4,no_spot
runpod,machine,B200,4,,NVIDIA B200,27.1600,,,4,no_spot
runpod,machine,B200,5,,NVIDIA B200,33.9500,,,4,no_spot
runpod,machine,B200,6,,NVIDIA B200,40.7400,,,4,no_spot
runpod,machine,B200,7,,NVIDIA B200,47.5300,,,4,no_spot
runpod,machine,B200,8,,NVIDIA B200,54.3200,,,4,no_spot
runpod,machine,B300,1,,NVIDIA B300 SXM6 AC,7.8900,,,2,no_spot
runpod,machine,B300,2,,NVIDIA B300 SXM6 AC,15.7800,,,2,no_spot
runpod,machine,B300,3,,NVIDIA B300 SXM6 AC,23.6700,,,2,no_spot
runpod,machine,B300,4,,NVIDIA B300 SXM6 AC,31.5600,,,2,no_spot
runpod,machine,B300,5,,NVIDIA B300 SXM6 AC,39.4500,,,2,no_spot
runpod,machine,B300,6,,NVIDIA B300 SXM6 AC,47.3400,,,2,no_spot
runpod,machine,B300,7,,NVIDIA B300 SXM6 AC,55.2300,,,2,no_spot
runpod,machine,B300,8,,NVIDIA B300 SXM6 AC,63.1200,,,2,no_spot
runpod,machine,H100,1,,NVIDIA H100 NVL,3.1900,,,1,no_spot
runpod,machine,H100,2,,NVIDIA H100 NVL,6.3800,,,1,no_spot
runpod,machine,H100,3,,NVIDIA H100 NVL,9.5700,,,1,no_spot
runpod,machine,H100,4,,NVIDIA H100 NVL,12.7600,,,1,no_spot
runpod,machine,H100,5,,NVIDIA H100 NVL,15.9500,,,1,no_spot
runpod,machine,H100,6,,NVIDIA H100 NVL,19.1400,,,1,no_spot
runpod,machine,H100,7,,NVIDIA H100 NVL,22.3300,,,1,no_spot
runpod,machine,H100,8,,NVIDIA H100 NVL,25.5200,,,1,no_spot
runpod,machine,H100,1,,NVIDIA H100 PCIe,2.8900,,,1,no_spot
runpod,machine,H100,2,,NVIDIA H100 PCIe,5.7800,,,1,no_spot
runpod,machine,H100,3,,NVIDIA H100 PCIe,8.6700,,,1,no_spot
runpod,machine,H100,4,,NVIDIA H100 PCIe,11.5600,,,1,no_spot
runpod,machine,H100,5,,NVIDIA H100 PCIe,14.4500,,,1,no_spot
runpod,machine,H100,6,,NVIDIA H100 PCIe,17.3400,,,1,no_spot
runpod,machine,H100,7,,NVIDIA H100 PCIe,20.2300,,,1,no_spot
runpod,machine,H100,8,,NVIDIA H100 PCIe,23.1200,,,1,no_spot
runpod,machine,H100,1,,NVIDIA H100 80GB HBM3,3.4900,,,8,no_spot
runpod,machine,H100,2,,NVIDIA H100 80GB HBM3,6.9800,,,8,no_spot
runpod,machine,H100,3,,NVIDIA H100 80GB HBM3,10.4700,,,8,no_spot
runpod,machine,H100,4,,NVIDIA H100 80GB HBM3,13.9600,,,8,no_spot
runpod,machine,H100,5,,NVIDIA H100 80GB HBM3,17.4500,,,8,no_spot
runpod,machine,H100,6,,NVIDIA H100 80GB HBM3,20.9400,,,8,no_spot
runpod,machine,H100,7,,NVIDIA H100 80GB HBM3,24.4300,,,8,no_spot
runpod,machine,H100,8,,NVIDIA H100 80GB HBM3,27.9200,,,8,no_spot
runpod,machine,H200,1,,NVIDIA H200 NVL,3.7900,,,0,no_spot
runpod,machine,H200,2,,NVIDIA H200 NVL,7.5800,,,0,no_spot
runpod,machine,H200,3,,NVIDIA H200 NVL,11.3700,,,0,no_spot
runpod,machine,H200,4,,NVIDIA H200 NVL,15.1600,,,0,no_spot
runpod,machine,H200,5,,NVIDIA H200 NVL,18.9500,,,0,no_spot
runpod,machine,H200,6,,NVIDIA H200 NVL,22.7400,,,0,no_spot
runpod,machine,H200,7,,NVIDIA H200 NVL,26.5300,,,0,no_spot
runpod,machine,H200,8,,NVIDIA H200 NVL,30.3200,,,0,no_spot
runpod,machine,H200,1,,NVIDIA H200,4.5900,,,7,no_spot
runpod,machine,H200,2,,NVIDIA H200,9.1800,,,7,no_spot
runpod,machine,H200,3,,NVIDIA H200,13.7700,,,7,no_spot
runpod,machine,H200,4,,NVIDIA H200,18.3600,,,7,no_spot
runpod,machine,H200,5,,NVIDIA H200,22.9500,,,7,no_spot
runpod,machine,H200,6,,NVIDIA H200,27.5400,,,7,no_spot
runpod,machine,H200,7,,NVIDIA H200,32.1300,,,7,no_spot
runpod,machine,H200,8,,NVIDIA H200,36.7200,,,7,no_spot
runpod,machine,L4,1,,NVIDIA L4,0.4900,,,0,no_spot
runpod,machine,L4,2,,NVIDIA L4,0.9800,,,0,no_spot
runpod,machine,L4,3,,NVIDIA L4,1.4700,,,0,no_spot
runpod,machine,L4,4,,NVIDIA L4,1.9600,,,0,no_spot
runpod,machine,L4,5,,NVIDIA L4,2.4500,,,0,no_spot
runpod,machine,L4,6,,NVIDIA L4,2.9400,,,0,no_spot
runpod,machine,L4,7,,NVIDIA L4,3.4300,,,0,no_spot
runpod,machine,L4,8,,NVIDIA L4,3.9200,,,0,no_spot
runpod,machine,L4,9,,NVIDIA L4,4.4100,,,0,no_spot
runpod,machine,L40S,1,,NVIDIA L40S,1.0900,,,0,no_spot
runpod,machine,L40S,2,,NVIDIA L40S,2.1800,,,0,no_spot
runpod,machine,L40S,3,,NVIDIA L40S,3.2700,,,0,no_spot
runpod,machine,L40S,4,,NVIDIA L40S,4.3600,,,0,no_spot
runpod,machine,L40S,5,,NVIDIA L40S,5.4500,,,0,no_spot
runpod,machine,L40S,6,,NVIDIA L40S,6.5400,,,0,no_spot
runpod,machine,L40S,7,,NVIDIA L40S,7.6300,,,0,no_spot
runpod,machine,L40S,8,,NVIDIA L40S,8.7200,,,0,no_spot
runpod,machine,RTX PRO 4500,1,,NVIDIA RTX PRO 4500 Blackwell,0.7200,,,1,no_spot
runpod,machine,RTX PRO 4500,2,,NVIDIA RTX PRO 4500 Blackwell,1.4400,,,1,no_spot
runpod,machine,RTX PRO 4500,3,,NVIDIA RTX PRO 4500 Blackwell,2.1600,,,1,no_spot
runpod,machine,RTX PRO 4500,4,,NVIDIA RTX PRO 4500 Blackwell,2.8800,,,1,no_spot
runpod,machine,RTX PRO 4500,5,,NVIDIA RTX PRO 4500 Blackwell,3.6000,,,1,no_spot
runpod,machine,RTX PRO 4500,6,,NVIDIA RTX PRO 4500 Blackwell,4.3200,,,1,no_spot
runpod,machine,RTX PRO 4500,7,,NVIDIA RTX PRO 4500 Blackwell,5.0400,,,1,no_spot
runpod,machine,RTX PRO 4500,8,,NVIDIA RTX PRO 4500 Blackwell,5.7600,,,1,no_spot
runpod,machine,RTX PRO 4500,1,,NVIDIA RTX PRO 4500 Blackwell Server Edition,0.7200,,,0,no_spot
runpod,machine,RTX PRO 4500,2,,NVIDIA RTX PRO 4500 Blackwell Server Edition,1.4400,,,0,no_spot
runpod,machine,RTX PRO 4500,3,,NVIDIA RTX PRO 4500 Blackwell Server Edition,2.1600,,,0,no_spot
runpod,machine,RTX PRO 4500,4,,NVIDIA RTX PRO 4500 Blackwell Server Edition,2.8800,,,0,no_spot
runpod,machine,RTX PRO 4500,5,,NVIDIA RTX PRO 4500 Blackwell Server Edition,3.6000,,,0,no_spot
runpod,machine,RTX PRO 4500,6,,NVIDIA RTX PRO 4500 Blackwell Server Edition,4.3200,,,0,no_spot
runpod,machine,RTX PRO 4500,7,,NVIDIA RTX PRO 4500 Blackwell Server Edition,5.0400,,,0,no_spot
runpod,machine,RTX PRO 4500,8,,NVIDIA RTX PRO 4500 Blackwell Server Edition,5.7600,,,0,no_spot
shadeform,machine,A100,1,dulles-usa-1,lambdalabs_A100-sxm4,1.9900,,,1,no_spot
shadeform,machine,A100,1,mumbai-india-1,lambdalabs_A100-sxm4,1.9900,,,1,no_spot
shadeform,machine,A100,1,newyork-usa-1,paperspace_A100,3.1900,,,1,no_spot
shadeform,machine,A100,1,phoenix-usa-2,lambdalabs_A100-sxm4,1.9900,,,1,no_spot
shadeform,machine,A100,8,calgary-canada-1,denvr_A100-sxm4x8,11.2000,,,1,no_spot
shadeform,machine,A100,8,dulles-usa-1,lambdalabs_A100x8,15.9200,,,1,no_spot
shadeform,machine,A100,8,frankfurt-germany-7,lambdalabs_A100x8,15.9200,,,1,no_spot
shadeform,machine,A100,8,phoenix-usa-2,lambdalabs_A100x8,15.9200,,,1,no_spot
shadeform,machine,A100,8,sanjose-usa-2,lambdalabs_A100x8,15.9200,,,1,no_spot
shadeform,machine,A100-80GB,1,beltsville-usa-1,massedcompute_A100-sxm4-80G-DGX,1.3800,,,1,no_spot
shadeform,machine,A100-80GB,1,culpeper-usa-1,crusoe_A100-80GB,2.0000,,,1,no_spot
shadeform,machine,A100-80GB,1,desmoines-usa-1,massedcompute_A100-sxm4-80GB,1.3800,,,1,no_spot
shadeform,machine,A100-80GB,1,houston-usa-1,denvr_A100-sxm4-80GB,1.5000,,,1,no_spot
shadeform,machine,A100-80GB,1,kansascity-usa-1,massedcompute_A100-sxm4-80G-DGX,1.3800,,,1,no_spot
shadeform,machine,A100-80GB,1,montreal-canada-2,hyperstack_A100-80GB,1.3500,,,1,no_spot
shadeform,machine,A100-80GB,1,newyork-usa-1,paperspace_A100-sxm4-80GB,3.2800,,,1,no_spot
shadeform,machine,A100-80GB,2,culpeper-usa-1,crusoe_A100-80GBx2,4.0000,,,1,no_spot
shadeform,machine,A100-80GB,2,desmoines-usa-1,massedcompute_A100-80GBx2,2.7000,,,1,no_spot
shadeform,machine,A100-80GB,2,montreal-canada-2,hyperstack_A100-80GBx2,2.7000,,,1,no_spot
shadeform,machine,A100-80GB,4,culpeper-usa-1,crusoe_A100-80GBx4,8.0000,,,1,no_spot
shadeform,machine,A100-80GB,8,chicago-usa-2,lambdalabs_A100-sxm4-80GBx8,22.3200,,,1,no_spot
shadeform,machine,A100-80GB,8,chicago-usa-3,excesssupply_A100-sxm4-80GBx8,24.0000,,,1,no_spot
shadeform,machine,A100-80GB,8,dulles-usa-1,lambdalabs_A100-sxm4-80GBx8,22.3200,,,1,no_spot
shadeform,machine,A100-80GB,8,dulles-usa-4,excesssupply_A100-sxm4-80GBx8,24.0000,,,1,no_spot
shadeform,machine,H100,1,desmoines-usa-1,massedcompute_H100,2.7300,,,1,no_spot
shadeform,machine,H100,1,montreal-canada-2,hyperstack_H100,2.5000,,,1,no_spot
shadeform,machine,H100,1,newyork-usa-1,paperspace_H100,5.9900,,,1,no_spot
shadeform,machine,H100,1,paris-france-1,scaleway_H100,3.3000,,,1,no_spot
shadeform,machine,H100,1,saltlakecity-usa-1,lambdalabs_H100,4.2900,,,1,no_spot
shadeform,machine,H100,2,desmoines-usa-1,massedcompute_H100x2,5.4600,,,1,no_spot
shadeform,machine,H100,2,montreal-canada-2,hyperstack_H100x2,5.0000,,,1,no_spot
shadeform,machine,H100,2,paris-france-1,scaleway_H100x2,6.6000,,,1,no_spot
shadeform,machine,H100,4,desmoines-usa-1,massedcompute_H100x4,10.9100,,,1,no_spot
shadeform,machine,H200,8,tokyo-japan-5,excesssupply_H200x8,32.0000,,,1,no_spot
shadeform,machine,L4,1,paris-france-5,scaleway_L4,0.9500,,,1,no_spot
shadeform,machine,L4,1,warsaw-poland-1,scaleway_L4,0.9500,,,1,no_spot
shadeform,machine,L4,2,paris-france-5,scaleway_L4x2,1.9000,,,1,no_spot
shadeform,machine,L4,2,warsaw-poland-1,scaleway_L4x2,1.9000,,,1,no_spot
shadeform,machine,L4,4,warsaw-poland-1,scaleway_L4x4,3.8000,,,1,no_spot
shadeform,machine,L40S,1,desmoines-usa-1,massedcompute_L40S,0.8800,,,1,no_spot
shadeform,machine,L40S,1,kansascity-usa-1,massedcompute_L40S,0.8800,,,1,no_spot
shadeform,machine,L40S,1,warsaw-poland-1,scaleway_L40S,1.7000,,,1,no_spot
shadeform,machine,L40S,2,culpeper-usa-1,crusoe_L40Sx2,3.0000,,,1,no_spot
shadeform,machine,L40S,2,desmoines-usa-1,massedcompute_L40Sx2,1.7600,,,1,no_spot
shadeform,machine,L40S,2,houston-usa-2,crusoe_L40Sx2,3.0000,,,1,no_spot
shadeform,machine,L40S,2,kansascity-usa-1,massedcompute_L40Sx2,1.7600,,,1,no_spot
shadeform,machine,L40S,2,warsaw-poland-1,scaleway_L40Sx2,3.4000,,,1,no_spot
shadeform,machine,L40S,4,culpeper-usa-1,crusoe_L40Sx4,6.0000,,,1,no_spot
shadeform,machine,L40S,4,kansascity-usa-1,massedcompute_L40Sx4,3.5200,,,1,no_spot
shadeform,machine,L40S,8,culpeper-usa-1,crusoe_L40Sx8,12.0000,,,1,no_spot
shadeform,machine,L40S,8,kansascity-usa-1,massedcompute_L40Sx8,7.0400,,,1,no_spot
shadeform,machine,L40S,10,culpeper-usa-1,crusoe_L40Sx10,15.0000,,,1,no_spot
shadeform,machine,RTXPRO6000,1,beltsville-usa-1,massedcompute_RTXPro6000,2.1900,,,1,no_spot
shadeform,machine,RTXPRO6000,1,kansascity-usa-6,massedcompute_RTXPro6000,2.1900,,,1,no_spot
shadeform,machine,RTXPRO6000,2,beltsville-usa-1,massedcompute_RTXPro6000x2,4.3800,,,1,no_spot
shadeform,machine,RTXPRO6000,2,kansascity-usa-6,massedcompute_RTXPro6000x2,4.3800,,,1,no_spot
shadeform,machine,V100-32GB,1,newyork-usa-1,paperspace_V100-32GB,2.3400,,,1,no_spot
shadeform,machine,V100-32GB,2,newyork-usa-1,paperspace_V100-32GBx2,4.6800,,,1,no_spot
shadeform,machine,V100-32GB,4,newyork-usa-1,paperspace_V100-32GBx4,9.3600,,,1,no_spot
